{
	"easycom": {
		"autoscan": true,
		"custom": {
			"fui-(.*)": "firstui-uni/firstui/fui-$1/fui-$1.vue"
		}
	},
	"pages": [
		{
			"path": "pages/index/index",
			"style": {
				"navigationBarTitleText": "项目启动页"
			}
		},
		{
			"path": "pages/login/index",
			"style": {
				"navigationBarTitleText": "登录"
			}
		},
		{
			"path": "pages/home/index",
			"style": {
				"navigationBarTitleText": "首页"
			}
		},
		{
			"path": "pages/home/home",
			"style": {
				"navigationBarTitleText": "首页"
			}
		},
		{
			"path": "pages/order/index",
			"style": {
				"navigationBarTitleText": "订单"
			}
		},
		{
			"path": "pages/find/index",
			"style": {
				"navigationBarTitleText": "发现"
			}
		},
		{
			"path": "pages/my/index",
			"style": {
				"navigationBarTitleText": "我的"
			}
		}
	],
	"globalStyle": {
		"navigationBarTextStyle": "black",
		"navigationBarTitleText": "uni-app",
		"navigationBarBackgroundColor": "#F8F8F8",
		"backgroundColor": "#F8F8F8"
	}
}